600,15,
null
null
null
null
null
null
null
null
null
null
null
null
null
null
null
null
null
null
null
null
null
null
null
null
null
null
null
null
null
null
null
null
null
null
null
null
null
null
null
null
null
null
null
null
null
null
null
null
null
null
null
null
null
null
null
null
null
null
null
null
null
null
null
null
null
null
null
null
null
null
null
null
null
null
null
null
null
null
null
null
null
null
null
null
null
null
null
null
null
null
null
null
null
null
null
null
null
null
null
null
null
null
null
null
null
null
null
null
null
null
null
null
null
null
null
null
null
null
null
null
null
null
null
null
null
null
null
null
null
null
null
null
null
null
null
null
null
null
null
null
null
null
null
null
null
null
null
null
null
null
null
null
null
null
null
null
null
滑蛋饭,1,2,3,4,5,6,7,8,9
null
null
null
null
汤类,102,103,104,105,106,107,108,109,110,111,112,113,114,115
null
null
null
null
null
null
null
null
null
null
null
null
null
null
null
null
null
null
null
null
null
null
null
null
null
新品砂锅系列,144,145,146,147,148
null
米线,132,133,134,135,136,137,138,139,140,141,142,143
null
null
null
null
饺子档口,59,60,61,62,63,64,65,66,67,68,69,70
null
null
null
null
null
null
null
null
null
null
null
null
null
null
null
null
null
null
null
null
null
null
null
null
null
null
拌面,49,50,51,52,53,54
null
null
null
null
null
null
null
烤冷面,71,72,73,74
null
null
null
汤面,42,43,44,45,46,47,48
null
null
null
null
null
null
null
null
null
null
null
null
null
null
null
null
null
null
null
null
null
null
null
null
null
null
null
null
null
null
null
null
null
null
null
null
null
null
null
null
null
null
null
null
null
null
null
null
null
null
null
null
null
null
null
null
null
null
null
null
null
null
null
null
null
null
null
null
null
null
null
null
null
null
null
null
null
null
null
null
null
null
null
null
五谷鱼粉,26,27,28,29,30,31,32,33,34,35
null
null
null
null
null
null
null
null
null
null
null
null
null
null
null
null
铁板烤串,75,76,77,78,79,80
null
米粉系列,95,96,97,98,99,100,101
null
null
null
null
null
null
null
null
null
null
null
null
null
null
null
null
null
null
null
null
null
null
null
null
null
null
null
null
null
null
null
null
null
null
null
null
null
null
null
null
null
null
null
null
null
null
null
null
null
null
鸡鱼联盟,149,150,151
null
null
null
null
null
null
null
null
null
null
null
null
null
null
null
null
null
null
null
null
null
null
null
null
null
null
null
null
null
null
null
null
null
null
null
null
null
null
广味小厨,116,117,118,119,120,121,122,123,124,125,126,127
null
null
null
null
null
null
null
null
null
null
null
null
null
null
null
null
null
null
null
null
null
null
null
null
null
null
null
null
null
螺狮粉档口,55,56,57,58
null
null
null
null
null
null
null
null
null
烤肉饭,10,11,12,13,14,15
null
null
null
null
null
null
null
null
null
null
null
null
null
null
null
null
铁板炒面,81,82,83,84,85,86,87,88,89,90,91,92,93,94
null
null
null
烤盘饭,22,23,24,25
null
null
null
null
null
null
null
null
null
null
null
null
null
null
null
null
null
null
null
null
null
鸭血粉丝,36,37,38,39,40,41
null
null
null
null
null
null
null
null
null
null
null
null
null
null
null
null
null
null
null
null
null
null
null
null
null
null
null
null
null
韩式拌饭,16,17,18,19,20,21
null
null
null
null
null
null
null
null
null
null
null
null
null
null
null
null
null
null
null
null
null
null
null
null
null
null
null
null
null
null
null
null
null
null
null
null
null
null
null
null
null
烤卤双拼系列,128,129,130,131
null
null
null
null
null
null
null
null
null
null
null
null
null
null
null
null
